mode,time,primaryFuelLevel,secondaryFuelLevel,startX,startY,endX,endY,length,numPassengers,primaryFuel,toStopIndex,fromStopIndex,seatingCapacity,tollPaid,capacity,arrivalTime,departureTime,secondaryFuel,hour
bus,64665075233.0,3.874884091754989e+16,0.0,-159367482.91664377,49079452.60132536,-159367435.38720095,49079467.31437635,912265869.5352738,12562000.0,17064061370845.79,294551.0,279221.0,48811576.0,0.0,80213515.0,64665075233.0,64559813089.0,0.0,17313915
cable_car,930746253.0,19024452000000.0,0.0,-2086753.573365984,644285.3282578797,-2086753.5385570102,644285.3066056776,2032930.5642199952,76040.0,0.0,204657.0,187610.0,494363.0,0.0,1022820.0,930746253.0,929948834.0,0.0,249962
rail,83347140.0,1007400000000000.0,0.0,-205147.92940039915,63045.28282240006,-205148.32563559915,63045.66864180009,11027808.457612557,355793.0,0.0,14116.0,12437.0,1344879.0,0.0,4790187.0,83347140.0,82604580.0,0.0,22328
subway,684538140.0,658944000000000.0,0.0,-1721792.5281724585,531883.7179391982,-1721793.143981259,531884.7071843989,45510041.270072944,2082512.0,0.0,143121.0,129041.0,4730880.0,0.0,16896000.0,684538140.0,681504120.0,0.0,183220
tram,2623177442.0,187765200000000.0,0.0,-6381109.979600412,1965753.3762360606,-6381110.848700458,1965753.874463918,28631248.243112203,609203.0,0.0,813532.0,761375.0,3025106.0,0.0,4016089.0,2623177442.0,2617644111.0,0.0,702630
